{
  "greedy": 1000,
  "random": 1000,
  "evolved": 1169.3580287643306,
  "undefined": 830.6419712356727
}